source_country,destination_country
Chile,Netherlands
Qatar,UAE
Chile,United States
South Africa,United States
Mexico,United States
Colombia,Saudi Arabia
United Kingdom,Malaysia
Hungary,United States
UAE,United States
Saudi Arabia,United States
Argentina,United States
New Zealand,United States
Switzerland,United States
Egypt,United States
Kuwait,United States
Japan,Australia
UAE,United States
Norway,Spain
India,United States
United Kingdom,United States
Egypt,United States
Kuwait,United States
Egypt,United States
Sweden,United States
Colombia,France
New Zealand,United States
Philippines,Turkey
Kuwait,Greece
Spain,Netherlands
China,United States
Colombia,Pakistan
Norway,United States
Mexico,United States
Pakistan,United States
Netherlands,United States
Argentina,Mexico
United States,United States
Mexico,United States
Sweden,Portugal
Austria,United States
New Zealand,United States
Peru,India
China,United States
Austria,United States
South Africa,United States
Czech Republic,Colombia
Saudi Arabia,United States
Portugal,United States
Spain,Germany
Turkey,United States
Spain,United States
India,Turkey
New Zealand,United States
Belgium,United States
Belgium,United States
Czech Republic,United States
Pakistan,United States
Philippines,United States
Belgium,United States
Saudi Arabia,New Zealand
Pakistan,United States
France,United States
Kuwait,United States
Malaysia,Vietnam
Argentina,United States
Austria,United States
Thailand,United States
Italy,Chile
France,United States
India,United States
Austria,United States
Kuwait,United States
Belgium,United States
Peru,United States
United States,United States
South Korea,United States
United Kingdom,Czech Republic
United States,United Kingdom
United Kingdom,United States
South Africa,United States
Austria,United States
United Kingdom,United States
Turkey,Belgium
Singapore,United States
Sweden,Mexico
Germany,United States
France,United States
Morocco,India
France,United States
Japan,United States
Greece,United States
Japan,Finland
Belgium,United States
Peru,United States
Chile,United States
Canada,United States
Argentina,United States
Poland,Portugal
Australia,United States
Turkey,United Kingdom
United States,United States
South Korea,United States
Belgium,United States
India,United States
Denmark,Japan
Finland,Austria
Mexico,China
Greece,Finland
Portugal,United States
Argentina,United States
Philippines,United States
Bangladesh,United States
Portugal,United States
Peru,United States
Singapore,United States
UAE,United States
China,Sweden
Austria,United States
Saudi Arabia,United States
Bangladesh,United States
Hungary,United States
China,United States
Ireland,United States
Austria,United States
Austria,United States
Morocco,United States
Portugal,Sweden
Kuwait,Philippines
Bangladesh,Portugal
Peru,Philippines
United States,United States
Poland,Austria
UAE,United States
Austria,United States
Norway,United States
Poland,Japan
Colombia,United States
Belgium,United States
South Africa,United States
Thailand,United States
Turkey,Austria
India,Morocco
Chile,United States
Turkey,Argentina
Mexico,Australia
Greece,United States
China,Switzerland
Spain,South Africa
Netherlands,United States
United Kingdom,United States
Saudi Arabia,United States
Saudi Arabia,United States
Saudi Arabia,United States
New Zealand,Qatar
Czech Republic,United States
Kuwait,Chile
Singapore,Belgium
Malaysia,United States
Colombia,Italy
New Zealand,United States
Sweden,United States
Denmark,United States
Turkey,United States
South Africa,United States
South Korea,United States
United States,United States
Belgium,United States
Morocco,United States
Pakistan,United States
Switzerland,United States
Germany,United States
Japan,United States
Switzerland,United States
Saudi Arabia,United States
Spain,United States
Egypt,United States
Bangladesh,Germany
South Korea,United States
Turkey,United States
Chile,United States
Malaysia,United States
Brazil,Greece
Ireland,United States
Brazil,United States
Belgium,Germany
Pakistan,United States
Mexico,United Kingdom
United States,Belgium
Thailand,South Korea
Portugal,United States
Austria,Qatar
Czech Republic,United States
United States,Brazil
Qatar,United States
Italy,United States
Bangladesh,United States
Portugal,United States
Turkey,United States
Turkey,United States
Ireland,United States
Australia,United States
Pakistan,Greece
Argentina,Greece
Brazil,United States
Mexico,Portugal
Morocco,United States
United States,Mexico
South Africa,Czech Republic
South Korea,United States
Italy,Portugal
Peru,United States
United States,United States
Morocco,United States
Italy,Greece
South Korea,Denmark
South Korea,United States
Vietnam,Denmark
Egypt,United States
Germany,United States
Argentina,United States
UAE,South Africa
Switzerland,Pakistan
New Zealand,Spain
Poland,United States
Portugal,Qatar
Canada,United States
South Korea,United States
Kuwait,Hungary
Australia,United States
Colombia,United States
Thailand,Germany
Philippines,United States
Denmark,United States
Pakistan,United States
Sweden,Argentina
Pakistan,France
Poland,United States
Kuwait,United States
Thailand,United States
Denmark,United States
Japan,United States
Vietnam,United States
Finland,United States
Peru,Japan
Italy,United States
United States,United States
Austria,United States
France,Pakistan
Belgium,United States
Egypt,UAE
Canada,Greece
Portugal,United States
Norway,United States
United States,United States
Poland,Japan
Switzerland,Canada
South Korea,Switzerland
China,United States
Mexico,United States
China,United States
Greece,United States
Vietnam,United States
Peru,United States
Thailand,United States
Sweden,United States
Finland,United States
Morocco,United States
Bangladesh,United States
France,Germany
Egypt,Brazil
Malaysia,Pakistan
Germany,United States
Austria,Norway
Belgium,Canada
UAE,Argentina
Saudi Arabia,Italy
Austria,United States
Portugal,United States
UAE,United States
France,United States
Germany,Hungary
Japan,United States
Czech Republic,Brazil
Brazil,United States
UAE,United States
Bangladesh,United States
Pakistan,United States
United States,United States
Belgium,United States
Poland,United States
Turkey,United States
Japan,United States
South Korea,Kuwait
Germany,United States
Sweden,United States
Egypt,United States
Czech Republic,United States
United Kingdom,Chile
Hungary,United States
Ireland,United States
Ireland,United States
Netherlands,United States
Ireland,United States
Hungary,United States
Netherlands,United States
New Zealand,Germany
Philippines,United States
Sweden,United States
Finland,United States
Ireland,United States
United Kingdom,United States
Qatar,United States
Canada,United States
South Africa,United States
Poland,United States
Switzerland,United States
Colombia,United States
Argentina,Japan
Thailand,United States
Denmark,Norway
Vietnam,United States
Saudi Arabia,United States
United States,United States
South Korea,United States
Ireland,United States
Turkey,United States
India,United States
Egypt,United States
Egypt,United States
Qatar,Sweden
Turkey,China
United States,United States
Netherlands,United States
Saudi Arabia,United States
Vietnam,United States
Mexico,Turkey
Spain,United States
Australia,United States
South Africa,United States
Egypt,United States
Norway,United States
Portugal,United States
Argentina,Vietnam
Brazil,United States
Sweden,United States
Turkey,United States
Argentina,Finland
Argentina,United States
Japan,United States
Norway,United States
Egypt,Egypt
China,United States
Kuwait,United States
Peru,United States
Turkey,United States
Pakistan,United States
Austria,United States
UAE,United States
Morocco,United States
Canada,United States
Malaysia,United States
India,United States
Poland,United States
Greece,France
United Kingdom,United States
Canada,France
United States,United States
Hungary,United States
United Kingdom,United States
China,United States
Pakistan,France
Turkey,United States
Denmark,United States
Finland,United States
Egypt,Spain
Hungary,United States
Canada,Italy
Qatar,United States
France,United States
Brazil,United States
Brazil,Italy
Colombia,United States
Czech Republic,United States
India,United States
Mexico,United States
Portugal,United States
United States,Kuwait
Spain,Canada
India,United States
Portugal,United States
Colombia,Philippines
China,Czech Republic
Spain,Portugal
UAE,United States
Denmark,United States
Turkey,Argentina
Pakistan,United States
Norway,Chile
Colombia,United States
Hungary,United States
Netherlands,United States
Sweden,United Kingdom
Spain,United States
Colombia,United States
France,Australia
China,United States
Netherlands,Austria
Malaysia,Greece
Philippines,United States
Austria,Thailand
Austria,United States
Saudi Arabia,Germany
Brazil,United States
Hungary,United States
Egypt,Mexico
Netherlands,Germany
Philippines,United States
South Korea,Thailand
Poland,United States
Greece,United States
Qatar,United States
Finland,United States
Brazil,United States
France,United States
Egypt,United States
Qatar,United States
Italy,United States
Norway,United States
Egypt,Qatar
South Korea,United States
Morocco,United States
Czech Republic,New Zealand
United States,United States
India,United States
Philippines,United States
Peru,South Africa
United States,United States
UAE,United States
Greece,United States
United States,Colombia
Netherlands,United States
India,Brazil
Turkey,United States
Argentina,Hungary
United Kingdom,United States
Thailand,Sweden
Qatar,United States
Mexico,United States
France,United States
Austria,United States
Qatar,United States
Vietnam,United States
United States,United States
Finland,United States
Finland,United States
Vietnam,United States
Colombia,United States
United States,United States
Malaysia,Denmark
Belgium,United States
United States,United States
Malaysia,Denmark
Norway,United States
Egypt,United States
Vietnam,United States
Malaysia,United States
Singapore,United States
Philippines,United States
Japan,United States
Brazil,Ireland
Austria,United States
Vietnam,Australia
Philippines,United States
Japan,United States
China,United States
Egypt,United States
Austria,United States
China,United States
Belgium,Belgium
Bangladesh,Singapore
Czech Republic,United States
Spain,United States
Morocco,United States
Brazil,United States
South Africa,Morocco
Denmark,United States
Norway,Egypt
Germany,United States
New Zealand,Japan
South Africa,United States
Finland,United States
Hungary,India
Ireland,Portugal
Saudi Arabia,Sweden
Brazil,United States
Bangladesh,United States
Belgium,United States
Sweden,United States
Colombia,United States
Argentina,United States
Saudi Arabia,Singapore
Turkey,United States
Pakistan,United States
Czech Republic,United States
Norway,United States
New Zealand,United States
Hungary,United States
Czech Republic,United States
South Korea,United States
New Zealand,United States
Thailand,France
Thailand,United States
South Korea,United States
Australia,United States
Sweden,United States
Vietnam,Bangladesh
United Kingdom,United States
Qatar,United States
Greece,Philippines
UAE,Canada
Greece,Chile
Colombia,United States
Ireland,United States
Mexico,Germany
Austria,United States
Egypt,United States
Portugal,Sweden
Pakistan,United States
India,India
India,United States
United States,United States
Qatar,United States
Argentina,United States
Japan,United States
Kuwait,United States
Malaysia,United States
South Korea,United States
Kuwait,Sweden
Brazil,United States
United States,United States
Switzerland,China
Poland,South Africa
Czech Republic,United States
France,Norway
Argentina,United States
Turkey,United States
Turkey,United States
Brazil,United States
Sweden,United States
UAE,United States
Australia,United States
Australia,United States
Morocco,United States
South Africa,Poland
Malaysia,United States
Portugal,United States
New Zealand,United States
Spain,United States
Portugal,United States
Pakistan,United States
Czech Republic,United States
Turkey,Kuwait
Chile,United States
United States,United States
Saudi Arabia,United States
Norway,United States
Pakistan,United States
United Kingdom,United States
New Zealand,Italy
Italy,United States
Belgium,Chile
Bangladesh,United States
United States,United States
Kuwait,United States
Kuwait,Brazil
Malaysia,United States
Chile,United States
United States,United States
Japan,United States
Malaysia,Norway
Czech Republic,United States
United States,Netherlands
India,United States
Mexico,United States
Czech Republic,Qatar
France,Bangladesh
Mexico,United States
Italy,Australia
Singapore,United States
Finland,Pakistan
Bangladesh,United States
Ireland,United States
Peru,United States
Japan,Germany
Germany,United States
South Africa,Portugal
Finland,New Zealand
Portugal,Sweden
Mexico,Portugal
Hungary,United States
Egypt,United States
Singapore,United States
Ireland,United States
Japan,United States
Philippines,Argentina
Ireland,India
Netherlands,United States
Germany,Ireland
Mexico,United States
Hungary,United States
Germany,United States
Norway,United States
Morocco,United States
Germany,Colombia
Pakistan,United States
Philippines,Japan
Colombia,United States
Thailand,Austria
France,United States
Switzerland,United States
Austria,United States
Morocco,Qatar
Pakistan,United States
New Zealand,United States
Thailand,Australia
Germany,Poland
South Africa,United States
Belgium,United States
Malaysia,Norway
Greece,United States
Italy,United States
Chile,United States
Italy,United States
United States,United States
Colombia,United States
Mexico,Morocco
France,United States
Australia,United States
Belgium,Vietnam
Netherlands,Philippines
Saudi Arabia,Belgium
Greece,United States
Thailand,United States
South Korea,United States
Brazil,United States
Saudi Arabia,United States
Norway,Egypt
Philippines,United States
Portugal,United States
South Korea,United States
Canada,Egypt
Netherlands,Canada
South Africa,United States
Bangladesh,United States
Singapore,United States
Italy,Netherlands
Philippines,United States
Belgium,United States
Spain,United States
Canada,United States
Sweden,Vietnam
Philippines,Switzerland
Czech Republic,United States
France,Germany
Japan,United States
Hungary,United States
Portugal,United States
Argentina,Norway
Netherlands,United States
Thailand,Bangladesh
Argentina,China
Netherlands,United States
Australia,United States
Kuwait,United States
Japan,United States
Netherlands,United States
Spain,United States
Kuwait,United States
India,United States
Saudi Arabia,United States
United Kingdom,Canada
Italy,United States
UAE,United States
Norway,United States
Poland,Canada
Pakistan,Hungary
Peru,United States
Saudi Arabia,Peru
Sweden,United States
Bangladesh,United States
Switzerland,United States
Vietnam,Brazil
Colombia,United States
Austria,United States
Austria,Malaysia
Austria,Turkey
Saudi Arabia,United States
Hungary,United States
Bangladesh,United States
Netherlands,United States
